ANZLIC_ID|CATEGORY_NAME
ANZVI0803004569|Admin & Political Boundaries
ANZVI0803005790|Admin & Political Boundaries
ANZVI0803004206|Admin & Political Boundaries
ANZVI0803002317|Admin & Political Boundaries
ANZVI0803001005|Admin & Political Boundaries
ANZVI0803002932|Admin & Political Boundaries
ANZVI0803002933|Admin & Political Boundaries
ANZVI0803001052|Admin & Political Boundaries
ANZVI0803001053|Admin & Political Boundaries
ANZVI0803005805|Admin & Political Boundaries
ANZVI0803004304|Admin & Political Boundaries
ANZVI0803004305|Admin & Political Boundaries
ANZVI0803004303|Admin & Political Boundaries
ANZVI0803002028|Admin & Political Boundaries
ANZVI0803002784|Admin & Political Boundaries
ANZVI0803002894|Admin & Political Boundaries
ANZVI0803002895|Admin & Political Boundaries
ANZVI0803002857|Admin & Political Boundaries
ANZVI0803002858|Admin & Political Boundaries
ANZVI0803002859|Admin & Political Boundaries
ANZVI0803005912|Admin & Political Boundaries
ANZVI0803008472|Admin & Political Boundaries
ANZVI0803003049|Admin & Political Boundaries
ANZVI0803002780|Admin & Political Boundaries
ANZVI0803004266|Admin & Political Boundaries
ANZVI0803004916|Admin & Political Boundaries
ANZVI0803002850|Admin & Political Boundaries
ANZVI0803002950|Admin & Political Boundaries
ANZVI0803005830|Admin & Political Boundaries
ANZVI0803005831|Admin & Political Boundaries
ANZVI0803004306|Admin & Political Boundaries
ANZVI0803002843|Admin & Political Boundaries
ANZVI0803005632|Admin & Political Boundaries
ANZVI0803001039|Admin & Political Boundaries
ANZVI0803005156|Admin & Political Boundaries
ANZVI0803005859|Admin & Political Boundaries
ANZVI0803005832|Admin & Political Boundaries
ANZVI0803005815|Admin & Political Boundaries
ANZVI0803005688|Admin & Political Boundaries
ANZVI0803003006|Admin & Political Boundaries
ANZVI0803005816|Admin & Political Boundaries
ANZVI0803004707|Admin & Political Boundaries
ANZVI0803005882|Admin & Political Boundaries
ANZVI0803002529|Admin & Political Boundaries
ANZVI0803002864|Admin & Political Boundaries
ANZVI0803005748|Admin & Political Boundaries
ANZVI0803002507|Admin & Political Boundaries
ANZVI0803002531|Admin & Political Boundaries
ANZVI0803004758|Admin & Political Boundaries
ANZVI0803004759|Admin & Political Boundaries
ANZVI0803004761|Admin & Political Boundaries
ANZVI0803002905|Admin & Political Boundaries
ANZVI0803003027|Admin & Political Boundaries
ANZVI0803004776|Admin & Political Boundaries
ANZVI0803002716|Admin & Political Boundaries
ANZVI0803003025|Admin & Political Boundaries
ANZVI0803001047|Admin & Political Boundaries
ANZVI0803002613|Admin & Political Boundaries
ANZVI0803002630|Admin & Political Boundaries
ANZVI0803005249|Admin & Political Boundaries
ANZVI0803002614|Admin & Political Boundaries
ANZVI0803002625|Admin & Political Boundaries
ANZVI0803003063|Admin & Political Boundaries
ANZVI0803005250|Admin & Political Boundaries
ANZVI0803002717|Admin & Political Boundaries
ANZVI0803003034|Admin & Political Boundaries
ANZVI0803003062|Admin & Political Boundaries
ANZVI0803003590|Admin & Political Boundaries
ANZVI0803004720|Admin & Political Boundaries
ANZVI0803005649|Admin & Political Boundaries
ANZVI0803005786|Admin & Political Boundaries
ANZVI0803003600|Admin & Political Boundaries
ANZVI0803003519|Admin & Political Boundaries
ANZVI0803003531|Admin & Political Boundaries
ANZVI0803003520|Admin & Political Boundaries
ANZVI0803003521|Admin & Political Boundaries
ANZVI0803002913|Admin & Political Boundaries
ANZVI0803002910|Admin & Political Boundaries
ANZVI0803002914|Admin & Political Boundaries
ANZVI0803002912|Admin & Political Boundaries
ANZVI0803002909|Admin & Political Boundaries
ANZVI0803003091|Admin & Political Boundaries
ANZVI0803003138|Admin & Political Boundaries
ANZVI0803003161|Admin & Political Boundaries
ANZVI0803002919|Admin & Political Boundaries
ANZVI0803002928|Admin & Political Boundaries
ANZVI0803002927|Admin & Political Boundaries
ANZVI0803005824|Admin & Political Boundaries
ANZVI0803002141|Agriculture & Farming
ANZVI0803003718|Agriculture & Farming
ANZVI0803005002|Agriculture & Farming
ANZVI0803005001|Agriculture & Farming
ANZVI0803005003|Agriculture & Farming
ANZVI0803005000|Agriculture & Farming
ANZVI0803005628|Agriculture & Farming
ANZVI0803005629|Agriculture & Farming
ANZVI0803005630|Agriculture & Farming
ANZVI0803005631|Agriculture & Farming
ANZVI0803002372|Agriculture & Farming
ANZVI0803005823|Agriculture & Farming
ANZVI0803002584|Agriculture & Farming
ANZVI0803004323|Agriculture & Farming
ANZVI0803004698|Agriculture & Farming
ANZVI0803002863|Agriculture & Farming
ANZVI0803004932|Agriculture & Farming
ANZVI0803003056|Agriculture & Farming
ANZVI0803004925|Agriculture & Farming
ANZVI0803004926|Agriculture & Farming
ANZVI0803004930|Agriculture & Farming
ANZVI0803005825|Agriculture & Farming
ANZVI0803002780|Agriculture & Farming
ANZVI0803004266|Agriculture & Farming
ANZVI0803004916|Agriculture & Farming
ANZVI0803004265|Agriculture & Farming
ANZVI0803004917|Agriculture & Farming
ANZVI0803002334|Agriculture & Farming
ANZVI0803002331|Agriculture & Farming
ANZVI0803002337|Agriculture & Farming
ANZVI0803004899|Agriculture & Farming
ANZVI0803005601|Agriculture & Farming
ANZVI0803002197|Agriculture & Farming
ANZVI0803002206|Agriculture & Farming
ANZVI0803005522|Agriculture & Farming
ANZVI0803005882|Agriculture & Farming
ANZVI0803003964|Agriculture & Farming
ANZVI0803004754|Agriculture & Farming
ANZVI0803005921|Atmosphere & Climate
ANZVI0803004269|Atmosphere & Climate
ANZVI0803005604|Atmosphere & Climate
ANZVI0803005605|Atmosphere & Climate
ANZVI0803005606|Atmosphere & Climate
ANZVI0803005607|Atmosphere & Climate
ANZVI0803005602|Atmosphere & Climate
ANZVI0803005603|Atmosphere & Climate
ANZVI0803005608|Atmosphere & Climate
ANZVI0803005609|Atmosphere & Climate
ANZVI0803005610|Atmosphere & Climate
ANZVI0803005611|Atmosphere & Climate
ANZVI0803005637|Atmosphere & Climate
ANZVI0803005635|Atmosphere & Climate
ANZVI0803005636|Atmosphere & Climate
ANZVI0803005634|Atmosphere & Climate
ANZVI0803005641|Atmosphere & Climate
ANZVI0803005642|Atmosphere & Climate
ANZVI0803005643|Atmosphere & Climate
ANZVI0803004726|Atmosphere & Climate
ANZVI0803004727|Atmosphere & Climate
ANZVI0803004728|Atmosphere & Climate
ANZVI0803004731|Atmosphere & Climate
ANZVI0803004729|Atmosphere & Climate
ANZVI0803004732|Atmosphere & Climate
ANZVI0803004730|Atmosphere & Climate
ANZVI0803004733|Atmosphere & Climate
ANZVI0803005422|Atmosphere & Climate
ANZVI0803005423|Atmosphere & Climate
ANZVI0803005424|Atmosphere & Climate
ANZVI0803005421|Atmosphere & Climate
ANZVI0803005418|Atmosphere & Climate
ANZVI0803005419|Atmosphere & Climate
ANZVI0803005420|Atmosphere & Climate
ANZVI0803005417|Atmosphere & Climate
ANZVI0803002149|Biology & Ecology
ANZVI0803002019|Biology & Ecology
ANZVI0803005507|Biology & Ecology
ANZVI0803005509|Biology & Ecology
ANZVI0803002822|Biology & Ecology
ANZVI0803005303|Biology & Ecology
ANZVI0803005363|Biology & Ecology
ANZVI0803005489|Biology & Ecology
ANZVI0803005785|Biology & Ecology
ANZVI0803005510|Biology & Ecology
ANZVI0803005529|Biology & Ecology
ANZVI0803003698|Biology & Ecology
ANZVI0803003496|Biology & Ecology
ANZVI0803003495|Biology & Ecology
ANZVI0803003404|Biology & Ecology
ANZVI0803004100|Biology & Ecology
ANZVI0803004101|Biology & Ecology
ANZVI0803004102|Biology & Ecology
ANZVI0803004103|Biology & Ecology
ANZVI0803004034|Biology & Ecology
ANZVI0803004651|Biology & Ecology
ANZVI0803004663|Biology & Ecology
ANZVI0803004664|Biology & Ecology
ANZVI0803004665|Biology & Ecology
ANZVI0803004104|Biology & Ecology
ANZVI0803004105|Biology & Ecology
ANZVI0803004106|Biology & Ecology
ANZVI0803004057|Biology & Ecology
ANZVI0803004056|Biology & Ecology
ANZVI0803004107|Biology & Ecology
ANZVI0803002920|Biology & Ecology
ANZVI0803002171|Biology & Ecology
ANZVI0803005768|Biology & Ecology
ANZVI0803002854|Biology & Ecology
ANZVI0803002853|Biology & Ecology
ANZVI0803002948|Biology & Ecology
ANZVI0803002852|Biology & Ecology
ANZVI0803004160|Biology & Ecology
ANZVI0803004161|Biology & Ecology
ANZVI0803005203|Biology & Ecology
ANZVI0803005208|Biology & Ecology
ANZVI0803005207|Biology & Ecology
ANZVI0803004165|Biology & Ecology
ANZVI0803004324|Biology & Ecology
ANZVI0803004162|Biology & Ecology
ANZVI0803004163|Biology & Ecology
ANZVI0803005204|Biology & Ecology
ANZVI0803005206|Biology & Ecology
ANZVI0803005205|Biology & Ecology
ANZVI0803004164|Biology & Ecology
ANZVI0803004325|Biology & Ecology
ANZVI0803004326|Biology & Ecology
ANZVI0803002636|Biology & Ecology
ANZVI0803002618|Biology & Ecology
ANZVI0803003127|Biology & Ecology
ANZVI0803001064|Biology & Ecology
ANZVI0803002376|Biology & Ecology
ANZVI0803001065|Biology & Ecology
ANZVI0803001066|Biology & Ecology
ANZVI0803005383|Business & Economy
ANZVI0803005382|Business & Economy
ANZVI0803005377|Business & Economy
ANZVI0803005381|Business & Economy
ANZVI0803005388|Business & Economy
ANZVI0803005905|Business & Economy
ANZVI0803005410|Cadastre & Land Description
ANZVI0803005409|Cadastre & Land Description
ANZVI0803005408|Cadastre & Land Description
ANZVI0803005412|Cadastre & Land Description
ANZVI0803005411|Cadastre & Land Description
ANZVI0803005227|Cadastre & Land Description
ANZVI0803002917|Cadastre & Land Description
ANZVI0803005383|Cadastre & Land Description
ANZVI0803005382|Cadastre & Land Description
ANZVI0803005377|Cadastre & Land Description
ANZVI0803005381|Cadastre & Land Description
ANZVI0803005388|Cadastre & Land Description
ANZVI0803005223|Cadastre & Land Description
ANZVI0803003978|Cadastre & Land Description
ANZVI0803004650|Cadastre & Land Description
ANZVI0803004213|Cadastre & Land Description
ANZVI0803003081|Cadastre & Land Description
ANZVI0803003080|Cadastre & Land Description
ANZVI0803005226|Cadastre & Land Description
ANZVI0803002594|Cadastre & Land Description
ANZVI0803005828|Cadastre & Land Description
ANZVI0803003024|Cadastre & Land Description
ANZVI0803005869|Cadastre & Land Description
ANZVI0803005868|Cadastre & Land Description
ANZVI0803004707|Cadastre & Land Description
ANZVI0803002578|Cadastre & Land Description
ANZVI0803005618|Cadastre & Land Description
ANZVI0803002777|Cadastre & Land Description
ANZVI0803003305|Cadastre & Land Description
ANZVI0803002683|Cadastre & Land Description
ANZVI0803003297|Cadastre & Land Description
ANZVI0803003303|Cadastre & Land Description
ANZVI0803003126|Cadastre & Land Description
ANZVI0803002916|Cadastre & Land Description
ANZVI0803002538|Cadastre & Land Description
ANZVI0803002913|Cadastre & Land Description
ANZVI0803005955|Cadastre & Land Description
ANZVI0803005951|Cadastre & Land Description
ANZVI0803005954|Cadastre & Land Description
ANZVI0803002910|Cadastre & Land Description
ANZVI0803005750|Cadastre & Land Description
ANZVI0803002914|Cadastre & Land Description
ANZVI0803002912|Cadastre & Land Description
ANZVI0803002909|Cadastre & Land Description
ANZVI0803005749|Cadastre & Land Description
ANZVI0803002902|Cadastre & Land Description
ANZVI0803002896|Cadastre & Land Description
ANZVI0803002898|Cadastre & Land Description
ANZVI0803001034|Cadastre & Land Description
ANZVI0803004688|Cadastre & Land Description
ANZVI0803002899|Cadastre & Land Description
ANZVI0803002400|Cadastre & Land Description
ANZVI0803002900|Cadastre & Land Description
ANZVI0803004668|Cadastre & Land Description
ANZVI0803003298|Cadastre & Land Description
ANZVI0803003299|Cadastre & Land Description
ANZVI0803003546|Culture & Demography
ANZVI0803003447|Culture & Demography
ANZVI0803004875|Culture & Demography
ANZVI0803004621|Culture & Demography
ANZVI0803005388|Culture & Demography
ANZVI0803005718|Culture & Demography
ANZVI0803005156|Culture & Demography
ANZVI0803005653|Culture & Demography
ANZVI0803003060|Culture & Demography
ANZVI0803003038|Culture & Demography
ANZVI0803003332|Culture & Demography
ANZVI0803003328|Culture & Demography
ANZVI0803003329|Culture & Demography
ANZVI0803003330|Culture & Demography
ANZVI0803003331|Culture & Demography
ANZVI0803003500|Culture & Demography
ANZVI0803003501|Culture & Demography
ANZVI0803003502|Culture & Demography
ANZVI0803003503|Culture & Demography
ANZVI0803003504|Culture & Demography
ANZVI0803003505|Culture & Demography
ANZVI0803003610|Culture & Demography
ANZVI0803003616|Culture & Demography
ANZVI0803003615|Culture & Demography
ANZVI0803003614|Culture & Demography
ANZVI0803003613|Culture & Demography
ANZVI0803003612|Culture & Demography
ANZVI0803003809|Culture & Demography
ANZVI0803003810|Culture & Demography
ANZVI0803003837|Culture & Demography
ANZVI0803003838|Culture & Demography
ANZVI0803003839|Culture & Demography
ANZVI0803004203|Culture & Demography
ANZVI0803003840|Culture & Demography
ANZVI0803004205|Culture & Demography
ANZVI0803004294|Culture & Demography
ANZVI0803004295|Culture & Demography
ANZVI0803004296|Culture & Demography
ANZVI0803004297|Culture & Demography
ANZVI0803004298|Culture & Demography
ANZVI0803004299|Culture & Demography
ANZVI0803004669|Culture & Demography
ANZVI0803004674|Culture & Demography
ANZVI0803004673|Culture & Demography
ANZVI0803004672|Culture & Demography
ANZVI0803004671|Culture & Demography
ANZVI0803004771|Culture & Demography
ANZVI0803004670|Culture & Demography
ANZVI0803005687|Culture & Demography
ANZVI0803005691|Culture & Demography
ANZVI0803005692|Culture & Demography
ANZVI0803005690|Culture & Demography
ANZVI0803005904|Culture & Demography
ANZVI0803005903|Culture & Demography
ANZVI0803005901|Culture & Demography
ANZVI0803005896|Culture & Demography
ANZVI0803004859|Culture & Demography
ANZVI0803004860|Culture & Demography
ANZVI0803005391|Culture & Demography
ANZVI0803003598|Culture & Demography
ANZVI0803002538|Culture & Demography
ANZVI0803002910|Culture & Demography
ANZVI0803002914|Culture & Demography
ANZVI0803002912|Culture & Demography
ANZVI0803002909|Culture & Demography
ANZVI0803002504|Elevation
ANZVI0803002813|Elevation
ANZVI0803002502|Elevation
ANZVI0803002835|Elevation
ANZVI0803002893|Elevation
ANZVI0803002639|Elevation
ANZVI0803002500|Elevation
ANZVI0803002501|Elevation
ANZVI0803002499|Elevation
ANZVI0803003295|Elevation
ANZVI0803003294|Elevation
ANZVI0803003601|Elevation
ANZVI0803004745|Elevation
ANZVI0803004198|Elevation
ANZVI0803005921|Environment
ANZVI0803005927|Environment
ANZVI0803005922|Environment
ANZVI0803005923|Environment
ANZVI0803005924|Environment
ANZVI0803005928|Environment
ANZVI0803005925|Environment
ANZVI0803005926|Environment
ANZVI0803005929|Environment
ANZVI0803005930|Environment
ANZVI0803005914|Environment
ANZVI0803005915|Environment
ANZVI0803005916|Environment
ANZVI0803005917|Environment
ANZVI0803005918|Environment
ANZVI0803005919|Environment
ANZVI0803004569|Environment
ANZVI0803005790|Environment
ANZVI0803004459|Environment
ANZVI0803004138|Environment
ANZVI0803004563|Environment
ANZVI0803005604|Environment
ANZVI0803005605|Environment
ANZVI0803005606|Environment
ANZVI0803005607|Environment
ANZVI0803005602|Environment
ANZVI0803005603|Environment
ANZVI0803005608|Environment
ANZVI0803005609|Environment
ANZVI0803005610|Environment
ANZVI0803005611|Environment
ANZVI0803005075|Environment
ANZVI0803005228|Environment
ANZVI0803005920|Environment
ANZVI0803005383|Environment
ANZVI0803005382|Environment
ANZVI0803005377|Environment
ANZVI0803005381|Environment
ANZVI0803005388|Environment
ANZVI0803005718|Environment
ANZVI0803005950|Environment
ANZVI0803003494|Environment
ANZVI0803003496|Environment
ANZVI0803003495|Environment
ANZVI0803003404|Environment
ANZVI0803003405|Environment
ANZVI0803005637|Environment
ANZVI0803005635|Environment
ANZVI0803005636|Environment
ANZVI0803005634|Environment
ANZVI0803005641|Environment
ANZVI0803005642|Environment
ANZVI0803005643|Environment
ANZVI0803005639|Environment
ANZVI0803005640|Environment
ANZVI0803005601|Environment
ANZVI0803005898|Environment
ANZVI0803005346|Environment
ANZVI0803005422|Environment
ANZVI0803005423|Environment
ANZVI0803005424|Environment
ANZVI0803005421|Environment
ANZVI0803005418|Environment
ANZVI0803005419|Environment
ANZVI0803005420|Environment
ANZVI0803005417|Environment
ANZVI0803004753|Facilities & Structures
ANZVI0803004569|Facilities & Structures
ANZVI0803004571|Facilities & Structures
ANZVI0803005185|Facilities & Structures
ANZVI0803002830|Facilities & Structures
ANZVI0803002979|Facilities & Structures
ANZVI0803002980|Facilities & Structures
ANZVI0803002982|Facilities & Structures
ANZVI0803002981|Facilities & Structures
ANZVI0803002983|Facilities & Structures
ANZVI0803002984|Facilities & Structures
ANZVI0803002985|Facilities & Structures
ANZVI0803002986|Facilities & Structures
ANZVI0803002987|Facilities & Structures
ANZVI0803002989|Facilities & Structures
ANZVI0803002988|Facilities & Structures
ANZVI0803002990|Facilities & Structures
ANZVI0803002991|Facilities & Structures
ANZVI0803002992|Facilities & Structures
ANZVI0803002993|Facilities & Structures
ANZVI0803002994|Facilities & Structures
ANZVI0803002966|Facilities & Structures
ANZVI0803002995|Facilities & Structures
ANZVI0803002996|Facilities & Structures
ANZVI0803002977|Facilities & Structures
ANZVI0803002997|Facilities & Structures
ANZVI0803002998|Facilities & Structures
ANZVI0803005310|Facilities & Structures
ANZVI0803005309|Facilities & Structures
ANZVI0803005313|Facilities & Structures
ANZVI0803005316|Facilities & Structures
ANZVI0803005314|Facilities & Structures
ANZVI0803005315|Facilities & Structures
ANZVI0803002494|Facilities & Structures
ANZVI0803002495|Facilities & Structures
ANZVI0803002498|Facilities & Structures
ANZVI0803002496|Facilities & Structures
ANZVI0803002497|Facilities & Structures
ANZVI0803005639|Facilities & Structures
ANZVI0803005640|Facilities & Structures
ANZVI0803005907|Facilities & Structures
ANZVI0803005214|Facilities & Structures
ANZVI0803005215|Facilities & Structures
ANZVI0803005216|Facilities & Structures
ANZVI0803005217|Facilities & Structures
ANZVI0803005219|Facilities & Structures
ANZVI0803005218|Facilities & Structures
ANZVI0803005213|Facilities & Structures
ANZVI0803002446|Facilities & Structures
ANZVI0803002447|Facilities & Structures
ANZVI0803002612|Facilities & Structures
ANZVI0803002442|Facilities & Structures
ANZVI0803002457|Facilities & Structures
ANZVI0803002595|Facilities & Structures
ANZVI0803002444|Facilities & Structures
ANZVI0803003646|Facilities & Structures
ANZVI0803002441|Facilities & Structures
ANZVI0803002537|Facilities & Structures
ANZVI0803003668|Facilities & Structures
ANZVI0803003669|Facilities & Structures
ANZVI0803003671|Facilities & Structures
ANZVI0803003670|Facilities & Structures
ANZVI0803004976|Facilities & Structures
ANZVI0803004980|Facilities & Structures
ANZVI0803003644|Facilities & Structures
ANZVI0803003645|Facilities & Structures
ANZVI0803003643|Facilities & Structures
ANZVI0803003636|Facilities & Structures
ANZVI0803003642|Facilities & Structures
ANZVI0803003673|Facilities & Structures
ANZVI0803002508|Geological & Geophysical
ANZVI0803002622|Geological & Geophysical
ANZVI0803002328|Geological & Geophysical
ANZVI0803003350|Geological & Geophysical
ANZVI0803002509|Geological & Geophysical
ANZVI0803002728|Geological & Geophysical
ANZVI0803002733|Geological & Geophysical
ANZVI0803002731|Geological & Geophysical
ANZVI0803002732|Geological & Geophysical
ANZVI0803002730|Geological & Geophysical
ANZVI0803002729|Geological & Geophysical
ANZVI0803002727|Geological & Geophysical
ANZVI0803004871|Geological & Geophysical
ANZVI0803002555|Geological & Geophysical
ANZVI0803002235|Geological & Geophysical
ANZVI0803002236|Geological & Geophysical
ANZVI0803005374|Geological & Geophysical
ANZVI0803002815|Geological & Geophysical
ANZVI0803002216|Geological & Geophysical
ANZVI0803002193|Geological & Geophysical
ANZVI0803002242|Geological & Geophysical
ANZVI0803002504|Geological & Geophysical
ANZVI0803002813|Geological & Geophysical
ANZVI0803002502|Geological & Geophysical
ANZVI0803002835|Geological & Geophysical
ANZVI0803002893|Geological & Geophysical
ANZVI0803002639|Geological & Geophysical
ANZVI0803002500|Geological & Geophysical
ANZVI0803002501|Geological & Geophysical
ANZVI0803003595|Geological & Geophysical
ANZVI0803002198|Geological & Geophysical
ANZVI0803002330|Geological & Geophysical
ANZVI0803002512|Geological & Geophysical
ANZVI0803002226|Geological & Geophysical
ANZVI0803002553|Geological & Geophysical
ANZVI0803005572|Geological & Geophysical
ANZVI0803002860|Geological & Geophysical
ANZVI0803002861|Geological & Geophysical
ANZVI0803002424|Geological & Geophysical
ANZVI0803002548|Geological & Geophysical
ANZVI0803003375|Geological & Geophysical
ANZVI0803002651|Geological & Geophysical
ANZVI0803002428|Geological & Geophysical
ANZVI0803002513|Geological & Geophysical
ANZVI0803003434|Geological & Geophysical
ANZVI0803002669|Geological & Geophysical
ANZVI0803002742|Geological & Geophysical
ANZVI0803002573|Geological & Geophysical
ANZVI0803002574|Geological & Geophysical
ANZVI0803002744|Geological & Geophysical
ANZVI0803002369|Geological & Geophysical
ANZVI0803002370|Geological & Geophysical
ANZVI0803002371|Geological & Geophysical
ANZVI0803002332|Geological & Geophysical
ANZVI0803002348|Geological & Geophysical
ANZVI0803002240|Geological & Geophysical
ANZVI0803002834|Geological & Geophysical
ANZVI0803002350|Geological & Geophysical
ANZVI0803002203|Geological & Geophysical
ANZVI0803002973|Geological & Geophysical
ANZVI0803002975|Geological & Geophysical
ANZVI0803002976|Geological & Geophysical
ANZVI0803002575|Geological & Geophysical
ANZVI0803002195|Geological & Geophysical
ANZVI0803002735|Geological & Geophysical
ANZVI0803002239|Geological & Geophysical
ANZVI0803003061|Geological & Geophysical
ANZVI0803002337|Geological & Geophysical
ANZVI0803002352|Geological & Geophysical
ANZVI0803002225|Geological & Geophysical
ANZVI0803002840|Geological & Geophysical
ANZVI0803002200|Geological & Geophysical
ANZVI0803002436|Geological & Geophysical
ANZVI0803002448|Geological & Geophysical
ANZVI0803002231|Geological & Geophysical
ANZVI0803002232|Geological & Geophysical
ANZVI0803002201|Geological & Geophysical
ANZVI0803002338|Geological & Geophysical
ANZVI0803002776|Geological & Geophysical
ANZVI0803002199|Geological & Geophysical
ANZVI0803005771|Geological & Geophysical
ANZVI0803003370|Geological & Geophysical
ANZVI0803003369|Geological & Geophysical
ANZVI0803003295|Geological & Geophysical
ANZVI0803003294|Geological & Geophysical
ANZVI0803004115|Imagery & Base Maps
ANZVI0803005739|Imagery & Base Maps
ANZVI0803004200|Imagery & Base Maps
ANZVI0803004254|Imagery & Base Maps
ANZVI0803004558|Imagery & Base Maps
ANZVI0803004559|Imagery & Base Maps
ANZVI0803005743|Imagery & Base Maps
ANZVI0803005742|Imagery & Base Maps
ANZVI0803001022|Imagery & Base Maps
ANZVI0803002033|Imagery & Base Maps
ANZVI0803002034|Imagery & Base Maps
ANZVI0803002035|Imagery & Base Maps
ANZVI0803003770|Imagery & Base Maps
ANZVI0803003782|Imagery & Base Maps
ANZVI0803003855|Imagery & Base Maps
ANZVI0803003736|Imagery & Base Maps
ANZVI0803003772|Imagery & Base Maps
ANZVI0803003835|Imagery & Base Maps
ANZVI0803003761|Imagery & Base Maps
ANZVI0803003914|Imagery & Base Maps
ANZVI0803003940|Imagery & Base Maps
ANZVI0803003872|Imagery & Base Maps
ANZVI0803003903|Imagery & Base Maps
ANZVI0803003916|Imagery & Base Maps
ANZVI0803004713|Imagery & Base Maps
ANZVI0803003463|Imagery & Base Maps
ANZVI0803004658|Imagery & Base Maps
ANZVI0803003861|Imagery & Base Maps
ANZVI0803003766|Imagery & Base Maps
ANZVI0803003714|Imagery & Base Maps
ANZVI0803003921|Imagery & Base Maps
ANZVI0803003931|Imagery & Base Maps
ANZVI0803003726|Imagery & Base Maps
ANZVI0803003780|Imagery & Base Maps
ANZVI0803003895|Imagery & Base Maps
ANZVI0803003920|Imagery & Base Maps
ANZVI0803003769|Imagery & Base Maps
ANZVI0803003939|Imagery & Base Maps
ANZVI0803003468|Imagery & Base Maps
ANZVI0803003727|Imagery & Base Maps
ANZVI0803003830|Imagery & Base Maps
ANZVI0803003919|Imagery & Base Maps
ANZVI0803003767|Imagery & Base Maps
ANZVI0803003257|Imagery & Base Maps
ANZVI0803003896|Imagery & Base Maps
ANZVI0803003275|Imagery & Base Maps
ANZVI0803003818|Imagery & Base Maps
ANZVI0803003262|Imagery & Base Maps
ANZVI0803003481|Imagery & Base Maps
ANZVI0803003276|Imagery & Base Maps
ANZVI0803003910|Imagery & Base Maps
ANZVI0803003466|Imagery & Base Maps
ANZVI0803003878|Imagery & Base Maps
ANZVI0803003911|Imagery & Base Maps
ANZVI0803003467|Imagery & Base Maps
ANZVI0803003768|Imagery & Base Maps
ANZVI0803003819|Imagery & Base Maps
ANZVI0803003816|Imagery & Base Maps
ANZVI0803003783|Imagery & Base Maps
ANZVI0803003853|Imagery & Base Maps
ANZVI0803003482|Imagery & Base Maps
ANZVI0803003874|Imagery & Base Maps
ANZVI0803003823|Imagery & Base Maps
ANZVI0803003465|Imagery & Base Maps
ANZVI0803003269|Imagery & Base Maps
ANZVI0803003902|Imagery & Base Maps
ANZVI0803003483|Imagery & Base Maps
ANZVI0803003856|Imagery & Base Maps
ANZVI0803003737|Imagery & Base Maps
ANZVI0803003484|Imagery & Base Maps
ANZVI0803003258|Imagery & Base Maps
ANZVI0803003624|Imagery & Base Maps
ANZVI0803003734|Imagery & Base Maps
ANZVI0803003781|Imagery & Base Maps
ANZVI0803003272|Imagery & Base Maps
ANZVI0803003812|Imagery & Base Maps
ANZVI0803003784|Imagery & Base Maps
ANZVI0803003829|Imagery & Base Maps
ANZVI0803003899|Imagery & Base Maps
ANZVI0803003785|Imagery & Base Maps
ANZVI0803004657|Imagery & Base Maps
ANZVI0803003924|Imagery & Base Maps
ANZVI0803003743|Imagery & Base Maps
ANZVI0803003744|Imagery & Base Maps
ANZVI0803003890|Imagery & Base Maps
ANZVI0803003882|Imagery & Base Maps
ANZVI0803003745|Imagery & Base Maps
ANZVI0803003886|Imagery & Base Maps
ANZVI0803003746|Imagery & Base Maps
ANZVI0803003883|Imagery & Base Maps
ANZVI0803003881|Imagery & Base Maps
ANZVI0803003747|Imagery & Base Maps
ANZVI0803003748|Imagery & Base Maps
ANZVI0803003749|Imagery & Base Maps
ANZVI0803003750|Imagery & Base Maps
ANZVI0803003894|Imagery & Base Maps
ANZVI0803003751|Imagery & Base Maps
ANZVI0803003752|Imagery & Base Maps
ANZVI0803003888|Imagery & Base Maps
ANZVI0803003851|Imagery & Base Maps
ANZVI0803003852|Imagery & Base Maps
ANZVI0803003753|Imagery & Base Maps
ANZVI0803003754|Imagery & Base Maps
ANZVI0803003755|Imagery & Base Maps
ANZVI0803003756|Imagery & Base Maps
ANZVI0803003884|Imagery & Base Maps
ANZVI0803003887|Imagery & Base Maps
ANZVI0803003893|Imagery & Base Maps
ANZVI0803003757|Imagery & Base Maps
ANZVI0803003758|Imagery & Base Maps
ANZVI0803003885|Imagery & Base Maps
ANZVI0803003863|Imagery & Base Maps
ANZVI0803003892|Imagery & Base Maps
ANZVI0803003742|Imagery & Base Maps
ANZVI0803003889|Imagery & Base Maps
ANZVI0803004251|Imagery & Base Maps
ANZVI0803004244|Imagery & Base Maps
ANZVI0803004249|Imagery & Base Maps
ANZVI0803004253|Imagery & Base Maps
ANZVI0803004252|Imagery & Base Maps
ANZVI0803003469|Imagery & Base Maps
ANZVI0803004880|Imagery & Base Maps
ANZVI0803003844|Imagery & Base Maps
ANZVI0803003915|Imagery & Base Maps
ANZVI0803003814|Imagery & Base Maps
ANZVI0803003938|Imagery & Base Maps
ANZVI0803003777|Imagery & Base Maps
ANZVI0803004882|Imagery & Base Maps
ANZVI0803003277|Imagery & Base Maps
ANZVI0803003926|Imagery & Base Maps
ANZVI0803003274|Imagery & Base Maps
ANZVI0803003786|Imagery & Base Maps
ANZVI0803003933|Imagery & Base Maps
ANZVI0803003833|Imagery & Base Maps
ANZVI0803003901|Imagery & Base Maps
ANZVI0803003263|Imagery & Base Maps
ANZVI0803003825|Imagery & Base Maps
ANZVI0803003815|Imagery & Base Maps
ANZVI0803003934|Imagery & Base Maps
ANZVI0803003912|Imagery & Base Maps
ANZVI0803003722|Imagery & Base Maps
ANZVI0803003950|Imagery & Base Maps
ANZVI0803004656|Imagery & Base Maps
ANZVI0803003949|Imagery & Base Maps
ANZVI0803003776|Imagery & Base Maps
ANZVI0803003775|Imagery & Base Maps
ANZVI0803003847|Imagery & Base Maps
ANZVI0803003907|Imagery & Base Maps
ANZVI0803003787|Imagery & Base Maps
ANZVI0803003762|Imagery & Base Maps
ANZVI0803003870|Imagery & Base Maps
ANZVI0803003470|Imagery & Base Maps
ANZVI0803003821|Imagery & Base Maps
ANZVI0803003905|Imagery & Base Maps
ANZVI0803003849|Imagery & Base Maps
ANZVI0803003850|Imagery & Base Maps
ANZVI0803003859|Imagery & Base Maps
ANZVI0803003765|Imagery & Base Maps
ANZVI0803003843|Imagery & Base Maps
ANZVI0803003713|Imagery & Base Maps
ANZVI0803003820|Imagery & Base Maps
ANZVI0803003267|Imagery & Base Maps
ANZVI0803004659|Imagery & Base Maps
ANZVI0803003763|Imagery & Base Maps
ANZVI0803003917|Imagery & Base Maps
ANZVI0803003860|Imagery & Base Maps
ANZVI0803003707|Imagery & Base Maps
ANZVI0803003836|Imagery & Base Maps
ANZVI0803003824|Imagery & Base Maps
ANZVI0803003897|Imagery & Base Maps
ANZVI0803003485|Imagery & Base Maps
ANZVI0803003264|Imagery & Base Maps
ANZVI0803003827|Imagery & Base Maps
ANZVI0803003706|Imagery & Base Maps
ANZVI0803003880|Imagery & Base Maps
ANZVI0803003854|Imagery & Base Maps
ANZVI0803003738|Imagery & Base Maps
ANZVI0803003906|Imagery & Base Maps
ANZVI0803003472|Imagery & Base Maps
ANZVI0803003733|Imagery & Base Maps
ANZVI0803003730|Imagery & Base Maps
ANZVI0803003935|Imagery & Base Maps
ANZVI0803003788|Imagery & Base Maps
ANZVI0803003723|Imagery & Base Maps
ANZVI0803003260|Imagery & Base Maps
ANZVI0803003760|Imagery & Base Maps
ANZVI0803004219|Imagery & Base Maps
ANZVI0803004231|Imagery & Base Maps
ANZVI0803003922|Imagery & Base Maps
ANZVI0803003879|Imagery & Base Maps
ANZVI0803004878|Imagery & Base Maps
ANZVI0803004879|Imagery & Base Maps
ANZVI0803005231|Imagery & Base Maps
ANZVI0803003735|Imagery & Base Maps
ANZVI0803003811|Imagery & Base Maps
ANZVI0803003789|Imagery & Base Maps
ANZVI0803003862|Imagery & Base Maps
ANZVI0803003865|Imagery & Base Maps
ANZVI0803003927|Imagery & Base Maps
ANZVI0803003721|Imagery & Base Maps
ANZVI0803003928|Imagery & Base Maps
ANZVI0803003778|Imagery & Base Maps
ANZVI0803003857|Imagery & Base Maps
ANZVI0803003739|Imagery & Base Maps
ANZVI0803003876|Imagery & Base Maps
ANZVI0803004881|Imagery & Base Maps
ANZVI0803004358|Imagery & Base Maps
ANZVI0803003792|Imagery & Base Maps
ANZVI0803003741|Imagery & Base Maps
ANZVI0803004660|Imagery & Base Maps
ANZVI0803004661|Imagery & Base Maps
ANZVI0803003479|Imagery & Base Maps
ANZVI0803003864|Imagery & Base Maps
ANZVI0803003803|Imagery & Base Maps
ANZVI0803003798|Imagery & Base Maps
ANZVI0803003846|Imagery & Base Maps
ANZVI0803003486|Imagery & Base Maps
ANZVI0803003278|Imagery & Base Maps
ANZVI0803003871|Imagery & Base Maps
ANZVI0803003932|Imagery & Base Maps
ANZVI0803003799|Imagery & Base Maps
ANZVI0803003794|Imagery & Base Maps
ANZVI0803003909|Imagery & Base Maps
ANZVI0803003731|Imagery & Base Maps
ANZVI0803003487|Imagery & Base Maps
ANZVI0803003923|Imagery & Base Maps
ANZVI0803003256|Imagery & Base Maps
ANZVI0803003841|Imagery & Base Maps
ANZVI0803003774|Imagery & Base Maps
ANZVI0803005234|Imagery & Base Maps
ANZVI0803003725|Imagery & Base Maps
ANZVI0803003488|Imagery & Base Maps
ANZVI0803003826|Imagery & Base Maps
ANZVI0803003473|Imagery & Base Maps
ANZVI0803003822|Imagery & Base Maps
ANZVI0803003900|Imagery & Base Maps
ANZVI0803003266|Imagery & Base Maps
ANZVI0803003828|Imagery & Base Maps
ANZVI0803003270|Imagery & Base Maps
ANZVI0803003271|Imagery & Base Maps
ANZVI0803003800|Imagery & Base Maps
ANZVI0803003832|Imagery & Base Maps
ANZVI0803003936|Imagery & Base Maps
ANZVI0803003951|Imagery & Base Maps
ANZVI0803003489|Imagery & Base Maps
ANZVI0803003490|Imagery & Base Maps
ANZVI0803003845|Imagery & Base Maps
ANZVI0803003918|Imagery & Base Maps
ANZVI0803003764|Imagery & Base Maps
ANZVI0803003759|Imagery & Base Maps
ANZVI0803003796|Imagery & Base Maps
ANZVI0803003869|Imagery & Base Maps
ANZVI0803003268|Imagery & Base Maps
ANZVI0803003873|Imagery & Base Maps
ANZVI0803003802|Imagery & Base Maps
ANZVI0803003898|Imagery & Base Maps
ANZVI0803003259|Imagery & Base Maps
ANZVI0803003790|Imagery & Base Maps
ANZVI0803003952|Imagery & Base Maps
ANZVI0803003908|Imagery & Base Maps
ANZVI0803003491|Imagery & Base Maps
ANZVI0803003492|Imagery & Base Maps
ANZVI0803003265|Imagery & Base Maps
ANZVI0803003728|Imagery & Base Maps
ANZVI0803003771|Imagery & Base Maps
ANZVI0803003868|Imagery & Base Maps
ANZVI0803003813|Imagery & Base Maps
ANZVI0803003480|Imagery & Base Maps
ANZVI0803003791|Imagery & Base Maps
ANZVI0803003929|Imagery & Base Maps
ANZVI0803003773|Imagery & Base Maps
ANZVI0803003831|Imagery & Base Maps
ANZVI0803003464|Imagery & Base Maps
ANZVI0803003817|Imagery & Base Maps
ANZVI0803003848|Imagery & Base Maps
ANZVI0803003842|Imagery & Base Maps
ANZVI0803003793|Imagery & Base Maps
ANZVI0803003797|Imagery & Base Maps
ANZVI0803003867|Imagery & Base Maps
ANZVI0803003930|Imagery & Base Maps
ANZVI0803003858|Imagery & Base Maps
ANZVI0803003740|Imagery & Base Maps
ANZVI0803003937|Imagery & Base Maps
ANZVI0803003953|Imagery & Base Maps
ANZVI0803003941|Imagery & Base Maps
ANZVI0803003904|Imagery & Base Maps
ANZVI0803003732|Imagery & Base Maps
ANZVI0803003834|Imagery & Base Maps
ANZVI0803003866|Imagery & Base Maps
ANZVI0803003471|Imagery & Base Maps
ANZVI0803003913|Imagery & Base Maps
ANZVI0803003273|Imagery & Base Maps
ANZVI0803003779|Imagery & Base Maps
ANZVI0803003925|Imagery & Base Maps
ANZVI0803003877|Imagery & Base Maps
ANZVI0803003875|Imagery & Base Maps
ANZVI0803003729|Imagery & Base Maps
ANZVI0803005644|Imagery & Base Maps
ANZVI0803004346|Imagery & Base Maps
ANZVI0803004638|Imagery & Base Maps
ANZVI0803004289|Imagery & Base Maps
ANZVI0803004676|Imagery & Base Maps
ANZVI0803004347|Imagery & Base Maps
ANZVI0803004639|Imagery & Base Maps
ANZVI0803004282|Imagery & Base Maps
ANZVI0803004677|Imagery & Base Maps
ANZVI0803004348|Imagery & Base Maps
ANZVI0803004640|Imagery & Base Maps
ANZVI0803004290|Imagery & Base Maps
ANZVI0803004678|Imagery & Base Maps
ANZVI0803004349|Imagery & Base Maps
ANZVI0803004641|Imagery & Base Maps
ANZVI0803004284|Imagery & Base Maps
ANZVI0803004679|Imagery & Base Maps
ANZVI0803004350|Imagery & Base Maps
ANZVI0803004642|Imagery & Base Maps
ANZVI0803004285|Imagery & Base Maps
ANZVI0803004680|Imagery & Base Maps
ANZVI0803004351|Imagery & Base Maps
ANZVI0803004643|Imagery & Base Maps
ANZVI0803004286|Imagery & Base Maps
ANZVI0803004681|Imagery & Base Maps
ANZVI0803005243|Imagery & Base Maps
ANZVI0803005406|Imagery & Base Maps
ANZVI0803004857|Imagery & Base Maps
ANZVI0803004906|Imagery & Base Maps
ANZVI0803005257|Imagery & Base Maps
ANZVI0803005177|Imagery & Base Maps
ANZVI0803005341|Imagery & Base Maps
ANZVI0803004812|Imagery & Base Maps
ANZVI0803004352|Imagery & Base Maps
ANZVI0803004644|Imagery & Base Maps
ANZVI0803004283|Imagery & Base Maps
ANZVI0803004682|Imagery & Base Maps
ANZVI0803004353|Imagery & Base Maps
ANZVI0803004645|Imagery & Base Maps
ANZVI0803004288|Imagery & Base Maps
ANZVI0803004683|Imagery & Base Maps
ANZVI0803004354|Imagery & Base Maps
ANZVI0803004646|Imagery & Base Maps
ANZVI0803004291|Imagery & Base Maps
ANZVI0803004684|Imagery & Base Maps
ANZVI0803004355|Imagery & Base Maps
ANZVI0803004647|Imagery & Base Maps
ANZVI0803004280|Imagery & Base Maps
ANZVI0803004685|Imagery & Base Maps
ANZVI0803004356|Imagery & Base Maps
ANZVI0803004648|Imagery & Base Maps
ANZVI0803004287|Imagery & Base Maps
ANZVI0803004686|Imagery & Base Maps
ANZVI0803005700|Imagery & Base Maps
ANZVI0803005622|Imagery & Base Maps
ANZVI0803005589|Imagery & Base Maps
ANZVI0803005702|Imagery & Base Maps
ANZVI0803005895|Imagery & Base Maps
ANZVI0803005843|Imagery & Base Maps
ANZVI0803005549|Imagery & Base Maps
ANZVI0803005689|Imagery & Base Maps
ANZVI0803004277|Imagery & Base Maps
ANZVI0803004553|Imagery & Base Maps
ANZVI0803004687|Imagery & Base Maps
ANZVI0803004675|Imagery & Base Maps
ANZVI0803003476|Imagery & Base Maps
ANZVI0803004554|Imagery & Base Maps
ANZVI0803004689|Imagery & Base Maps
ANZVI0803004764|Imagery & Base Maps
ANZVI0803004844|Imagery & Base Maps
ANZVI0803004765|Imagery & Base Maps
ANZVI0803004722|Imagery & Base Maps
ANZVI0803004715|Imagery & Base Maps
ANZVI0803004845|Imagery & Base Maps
ANZVI0803004773|Imagery & Base Maps
ANZVI0803004763|Imagery & Base Maps
ANZVI0803004982|Imagery & Base Maps
ANZVI0803005065|Imagery & Base Maps
ANZVI0803005187|Imagery & Base Maps
ANZVI0803004856|Imagery & Base Maps
ANZVI0803004843|Imagery & Base Maps
ANZVI0803005050|Imagery & Base Maps
ANZVI0803005048|Imagery & Base Maps
ANZVI0803004886|Imagery & Base Maps
ANZVI0803004981|Imagery & Base Maps
ANZVI0803005183|Imagery & Base Maps
ANZVI0803005173|Imagery & Base Maps
ANZVI0803005090|Imagery & Base Maps
ANZVI0803005238|Imagery & Base Maps
ANZVI0803005211|Imagery & Base Maps
ANZVI0803005201|Imagery & Base Maps
ANZVI0803005289|Imagery & Base Maps
ANZVI0803005285|Imagery & Base Maps
ANZVI0803005233|Imagery & Base Maps
ANZVI0803005251|Imagery & Base Maps
ANZVI0803004710|Imagery & Base Maps
ANZVI0803004709|Imagery & Base Maps
ANZVI0803001069|Inland Water Resources
ANZVI0803005823|Inland Water Resources
ANZVI0803005037|Inland Water Resources
ANZVI0803005373|Inland Water Resources
ANZVI0803002494|Inland Water Resources
ANZVI0803002495|Inland Water Resources
ANZVI0803002490|Inland Water Resources
ANZVI0803002491|Inland Water Resources
ANZVI0803002493|Inland Water Resources
ANZVI0803002498|Inland Water Resources
ANZVI0803002496|Inland Water Resources
ANZVI0803002497|Inland Water Resources
ANZVI0803005825|Inland Water Resources
ANZVI0803005112|Inland Water Resources
ANZVI0803005139|Inland Water Resources
ANZVI0803005127|Inland Water Resources
ANZVI0803005136|Inland Water Resources
ANZVI0803005126|Inland Water Resources
ANZVI0803005128|Inland Water Resources
ANZVI0803005140|Inland Water Resources
ANZVI0803005114|Inland Water Resources
ANZVI0803005115|Inland Water Resources
ANZVI0803005129|Inland Water Resources
ANZVI0803005142|Inland Water Resources
ANZVI0803005198|Inland Water Resources
ANZVI0803005116|Inland Water Resources
ANZVI0803005130|Inland Water Resources
ANZVI0803005143|Inland Water Resources
ANZVI0803005196|Inland Water Resources
ANZVI0803005098|Inland Water Resources
ANZVI0803005109|Inland Water Resources
ANZVI0803005197|Inland Water Resources
ANZVI0803005125|Inland Water Resources
ANZVI0803005141|Inland Water Resources
ANZVI0803005134|Inland Water Resources
ANZVI0803005137|Inland Water Resources
ANZVI0803005135|Inland Water Resources
ANZVI0803005138|Inland Water Resources
ANZVI0803005113|Inland Water Resources
ANZVI0803005110|Inland Water Resources
ANZVI0803005117|Inland Water Resources
ANZVI0803005131|Inland Water Resources
ANZVI0803005144|Inland Water Resources
ANZVI0803005122|Inland Water Resources
ANZVI0803005132|Inland Water Resources
ANZVI0803005145|Inland Water Resources
ANZVI0803005118|Inland Water Resources
ANZVI0803005133|Inland Water Resources
ANZVI0803005146|Inland Water Resources
ANZVI0803001039|Inland Water Resources
ANZVI0803005829|Inland Water Resources
ANZVI0803005833|Inland Water Resources
ANZVI0803002489|Inland Water Resources
ANZVI0803004341|Inland Water Resources
ANZVI0803002767|Inland Water Resources
ANZVI0803005826|Inland Water Resources
ANZVI0803002376|Inland Water Resources
ANZVI0803001066|Inland Water Resources
ANZVI0803002924|Inland Water Resources
ANZVI0803003029|Inland Water Resources
ANZVI0803004571|Location & GPS
ANZVI0803002305|Location & GPS
ANZVI0803002578|Location & GPS
ANZVI0803002529|Location & GPS
ANZVI0803003126|Location & GPS
ANZVI0803002908_deleted|Location & GPS
ANZVI0803002905|Location & GPS
ANZVI0803003028_deleted|Location & GPS
ANZVI0803003027|Location & GPS
ANZVI0803003373|Minerals & Petroleum
ANZVI0803003355|Minerals & Petroleum
ANZVI0803003358|Minerals & Petroleum
ANZVI0803003359|Minerals & Petroleum
ANZVI0803003430|Minerals & Petroleum
ANZVI0803003387|Minerals & Petroleum
ANZVI0803003347|Minerals & Petroleum
ANZVI0803003357|Minerals & Petroleum
ANZVI0803003354|Minerals & Petroleum
ANZVI0803003348|Minerals & Petroleum
ANZVI0803003349|Minerals & Petroleum
ANZVI0803003374|Minerals & Petroleum
ANZVI0803003356|Minerals & Petroleum
ANZVI0803003386|Minerals & Petroleum
ANZVI0803003352|Minerals & Petroleum
ANZVI0803002193|Minerals & Petroleum
ANZVI0803002428|Minerals & Petroleum
ANZVI0803003327|Minerals & Petroleum
ANZVI0803002195|Minerals & Petroleum
ANZVI0803002436|Minerals & Petroleum
ANZVI0803005248|Minerals & Petroleum
ANZVI0803004691|Minerals & Petroleum
ANZVI0803004692|Minerals & Petroleum
ANZVI0803004694|Minerals & Petroleum
ANZVI0803004693|Minerals & Petroleum
ANZVI0803004695|Minerals & Petroleum
ANZVI0803004696|Minerals & Petroleum
ANZVI0803004813|Oceans & Estuaries
ANZVI0803999001|Oceans & Estuaries
ANZVI0803004815|Oceans & Estuaries
ANZVI0803004751|Oceans & Estuaries
ANZVI0803005604|Oceans & Estuaries
ANZVI0803005605|Oceans & Estuaries
ANZVI0803005606|Oceans & Estuaries
ANZVI0803005607|Oceans & Estuaries
ANZVI0803005602|Oceans & Estuaries
ANZVI0803005603|Oceans & Estuaries
ANZVI0803005608|Oceans & Estuaries
ANZVI0803005609|Oceans & Estuaries
ANZVI0803005610|Oceans & Estuaries
ANZVI0803005611|Oceans & Estuaries
ANZVI0803002490|Oceans & Estuaries
ANZVI0803002491|Oceans & Estuaries
ANZVI0803004726|Oceans & Estuaries
ANZVI0803004727|Oceans & Estuaries
ANZVI0803004728|Oceans & Estuaries
ANZVI0803004731|Oceans & Estuaries
ANZVI0803004729|Oceans & Estuaries
ANZVI0803004732|Oceans & Estuaries
ANZVI0803004730|Oceans & Estuaries
ANZVI0803004733|Oceans & Estuaries
ANZVI0803004612|Oceans & Estuaries
ANZVI0803004745|Oceans & Estuaries
ANZVI0803002830|Recreation
ANZVI0803002979|Recreation
ANZVI0803002980|Recreation
ANZVI0803002982|Recreation
ANZVI0803002981|Recreation
ANZVI0803002983|Recreation
ANZVI0803002984|Recreation
ANZVI0803002985|Recreation
ANZVI0803002986|Recreation
ANZVI0803002987|Recreation
ANZVI0803002989|Recreation
ANZVI0803002988|Recreation
ANZVI0803002990|Recreation
ANZVI0803002991|Recreation
ANZVI0803002992|Recreation
ANZVI0803002993|Recreation
ANZVI0803002994|Recreation
ANZVI0803002966|Recreation
ANZVI0803002995|Recreation
ANZVI0803002996|Recreation
ANZVI0803002977|Recreation
ANZVI0803002997|Recreation
ANZVI0803002998|Recreation
ANZVI0803005214|Recreation
ANZVI0803005215|Recreation
ANZVI0803005216|Recreation
ANZVI0803005217|Recreation
ANZVI0803005219|Recreation
ANZVI0803005218|Recreation
ANZVI0803005213|Recreation
ANZVI0803005370|Recreation
ANZVI0803005850|Transportation Networks
ANZVI0803005844|Transportation Networks
ANZVI0803005851|Transportation Networks
ANZVI0803005858|Transportation Networks
ANZVI0803005849|Transportation Networks
ANZVI0803005856|Transportation Networks
ANZVI0803005848|Transportation Networks
ANZVI0803005855|Transportation Networks
ANZVI0803005298|Transportation Networks
ANZVI0803005845|Transportation Networks
ANZVI0803005852|Transportation Networks
ANZVI0803005846|Transportation Networks
ANZVI0803005853|Transportation Networks
ANZVI0803005857|Transportation Networks
ANZVI0803005847|Transportation Networks
ANZVI0803005854|Transportation Networks
ANZVI0803000320|Transportation Networks
ANZVI0803000061|Transportation Networks
ANZVI0803000321|Transportation Networks
ANZVI0803000064|Transportation Networks
ANZVI0803000062|Transportation Networks
ANZVI0803000063|Transportation Networks
ANZVI0803008439|Transportation Networks
ANZVI0803002870|Transportation Networks
ANZVI0803002446|Transportation Networks
ANZVI0803002447|Transportation Networks
ANZVI0803002612|Transportation Networks
ANZVI0803002442|Transportation Networks
ANZVI0803002457|Transportation Networks
ANZVI0803002595|Transportation Networks
ANZVI0803002444|Transportation Networks
ANZVI0803002441|Transportation Networks
ANZVI0803005490|Transportation Networks
ANZVI0803005504|Transportation Networks
ANZVI0803005493|Transportation Networks
ANZVI0803005519|Transportation Networks
ANZVI0803005491|Transportation Networks
ANZVI0803004126|Transportation Networks
ANZVI0803002873_deleted|Utility Networks
ANZVI0803002874_deleted|Utility Networks
ANZVI0803002541_deleted|Utility Networks
ANZVI0803002540_deleted|Utility Networks
ANZVI0803002542_deleted|Utility Networks
ANZVI0803003646|Utility Networks
ANZVI0803002537|Utility Networks
ANZVI0803003668|Utility Networks
ANZVI0803003669|Utility Networks
ANZVI0803003671|Utility Networks
ANZVI0803003670|Utility Networks
ANZVI0803003644|Utility Networks
ANZVI0803003645|Utility Networks
ANZVI0803003643|Utility Networks
ANZVI0803003636|Utility Networks
ANZVI0803003642|Utility Networks
ANZVI0803003672_deleted|Utility Networks
ANZVI0803003673|Utility Networks
ANZVI0803003298|VMPROP map-polygons, Parcel and Property
ANZVI0803003299|VMPROP map-polygons, Parcel and Property
ANZVI0803002864|Vicmap Planning
ANZVI0803005748|Vicmap Planning
ANZVI0803003443|Vicmap Products
ANZVI0803005742|Vicmap Products
ANZVI0803002578|Vicmap Products
ANZVI0803005618|Vicmap Products
ANZVI0803002529|Vicmap Products
ANZVI0803002777|Vicmap Products
ANZVI0803003305|Vicmap Products
ANZVI0803002499|Vicmap Products
ANZVI0803003295|Vicmap Products
ANZVI0803003294|Vicmap Products
ANZVI0803003646|Vicmap Products
ANZVI0803002489|Vicmap Products
ANZVI0803004612|Vicmap Products
ANZVI0803004613|Vicmap Products
ANZVI0803004614|Vicmap Products
ANZVI0803004615|Vicmap Products
ANZVI0803003525|Vicmap Products
ANZVI0803002864|Vicmap Products
ANZVI0803005748|Vicmap Products
ANZVI0803002683|Vicmap Products
ANZVI0803003297|Vicmap Products
ANZVI0803003303|Vicmap Products
ANZVI0803003137|Vicmap Products
ANZVI0803002441|Vicmap Products
ANZVI0803002618|Vicmap Products
ANZVI0803002902|Vicmap Property Layers
ANZVI0803002896|Vicmap Property Layers
ANZVI0803002898|Vicmap Property Layers
ANZVI0803005175|Vicmap Property Layers
ANZVI0803002899|Vicmap Property Layers
ANZVI0803002900|Vicmap Property Layers
ANZVI0803004668|Vicmap Property Layers
ANZVI0803002902|Vicmap Property datasets
ANZVI0803002896|Vicmap Property datasets
ANZVI0803002898|Vicmap Property datasets
ANZVI0803005175|Vicmap Property datasets
ANZVI0803001034|Vicmap Property datasets
ANZVI0803003236|Vicmap Property datasets
ANZVI0803003237|Vicmap Property datasets
ANZVI0803002899|Vicmap Property datasets
ANZVI0803002400|Vicmap Property datasets
ANZVI0803003238|Vicmap Property datasets
ANZVI0803002900|Vicmap Property datasets
ANZVI0803004668|Vicmap Property datasets
ANZVI0803001034|Vicmap Property tables
ANZVI0803003236|Vicmap Property tables
ANZVI0803003237|Vicmap Property tables
ANZVI0803002400|Vicmap Property tables
ANZVI0803003238|Vicmap Property tables
ANZVI0803002870|Vicmap Transport datasets
ANZVI0803002446|Vicmap Transport datasets
ANZVI0803002447|Vicmap Transport datasets
ANZVI0803002612|Vicmap Transport datasets
ANZVI0803002442|Vicmap Transport datasets
ANZVI0803002457|Vicmap Transport datasets
ANZVI0803002595|Vicmap Transport datasets
ANZVI0803002444|Vicmap Transport datasets
ANZVI0803003244|Vicmap Transport datasets
ANZVI0803003245|Vicmap Transport datasets
